LAN LASH IDOLE WP SV 23,3,NA
MINERAL FdT 12 SIENNA 30ML/6L,3,NA
LRP Anth TSColor + AMicel50ml VER22,3,NA
AnthToque Seco + EFF GEL 50ml VER22,3,NA
PILLOWLIPS SOLIDSRM DRM GLS 1111,3,NA
BBUE 14.5 LIGHT BUFF (N),3,NA
RDA MATTE 301 /NP/LDI,3,NA
RDA MATTE 506 /NP/LDI,3,NA
VERNIS A LEVRES WATER GLOW 203 OS,3,NA
VERNIS A LEVRES WATER GLOW 211 OS,3,NA
CS UVAge TT SPF50+ 40ml ES EL PT RU,3,NA
LAN LASH IDOLE WP X22,3,NA
CANDY FLORALE EDT V80ML V0,3,NA
CA HOL 20 ULTA CELEBRATE YR BEAUTY,3,NA
L ABSOLU LACQUER 168,3,NA
UD STONED LIP GLOSS-CITRINE,3,NA
TIUW SPF15 024 P/B30ML/RP FF,3,NA
TIUW SPF15 050 P/B30ML/RP FF,3,NA
PILLOWLIPS LPSTK STELLAR MATTE,3,NA
BLSH SUBTL MAKE IT POP 541,3,NA
LAR INTIMATTE 888 QIXI 2021 OS,3,NA
TIUW STICK BLUSH 01 AMBITIOUS PINK,3,NA
TIUW STICK BLUSH 03 WILD RUBY,3,NA
POWER FABRIC CONCEALER 6 F6ML,3,NA
RPC THE SLIM GLOW MATTE 203,3,NA
LC LE 8 (01+CILS) BAS X22,3,NA
PILLOWLIPS LPSTK LIKEADREAM MATTE,3,NA
YSBB FDTN 30ML MED NEUT 33,3,NA
CANDY FLORALE EDT V80ML,3,NA
LAR INTIMATTE 278 QIXI 2021 OS,3,NA
